"visit_id","timestamp","visit_reason","vehicles_viewed"
"V579858","2025-05-05 00:09:57","test_drive",1
"V349257","2025-05-05 00:34:49","browse",3
"V143434","2025-05-05 04:02:45","test_drive",4
"V330463","2025-05-05 05:15:50","browse",5
"V427985","2025-05-05 07:54:52","test_drive",2
"V396090","2025-05-05 08:33:05","browse",2
"V424902","2025-05-05 09:07:12","parts",3
"V502083","2025-05-05 09:25:20","test_drive",1
"V445742","2025-05-05 10:51:32","test_drive",3
"V823232","2025-05-05 10:57:46","browse",1
"V663071","2025-05-05 11:04:35","test_drive",3
"V616658","2025-05-05 11:45:36","browse",2
"V209069","2025-05-05 12:00:54","test_drive",4
"V574991","2025-05-05 12:05:38","browse",3
"V461919","2025-05-05 12:11:44","service",2
"V909199","2025-05-05 12:17:30","service",3
"V901406","2025-05-05 12:52:57","test_drive",4
"V818536","2025-05-05 12:57:29","browse",4
"V273688","2025-05-05 13:06:27","test_drive",3
"V261884","2025-05-05 13:19:34","browse",4
"V709145","2025-05-05 13:37:23","browse",3
"V423220","2025-05-05 13:37:35","test_drive",6
"V856258","2025-05-05 13:49:09","test_drive",4
"V599381","2025-05-05 13:51:38","browse",2
"V909526","2025-05-05 14:03:48","parts",2
"V849177","2025-05-05 14:25:02","test_drive",4
"V310955","2025-05-05 14:33:19","test_drive",2
"V849770","2025-05-05 14:43:46","test_drive",1
"V437909","2025-05-05 14:44:04","browse",5
"V599835","2025-05-05 14:48:09","browse",4
"V701109","2025-05-05 14:53:37","service",1
"V107735","2025-05-05 15:07:37","test_drive",6
"V480567","2025-05-05 15:21:14","test_drive",7
"V514502","2025-05-05 15:22:34","test_drive",2
"V830046","2025-05-05 15:40:55","test_drive",5
"V663105","2025-05-05 16:03:18","browse",8
"V588537","2025-05-05 16:09:19","test_drive",4
"V125642","2025-05-05 16:25:30","test_drive",2
"V946261","2025-05-05 16:27:22","parts",4
"V464265","2025-05-05 16:30:47","test_drive",3
"V928787","2025-05-05 16:38:15","service",2
"V731856","2025-05-05 16:41:36","browse",5
"V329800","2025-05-05 17:06:21","browse",4
"V349998","2025-05-05 17:36:35","test_drive",3
"V799476","2025-05-05 17:38:38","test_drive",5
"V524602","2025-05-05 18:05:24","browse",3
"V225190","2025-05-05 18:24:26","browse",3
"V908903","2025-05-05 18:36:35","test_drive",3
"V361731","2025-05-05 19:25:28","test_drive",4
"V600715","2025-05-05 19:26:03","test_drive",1
"V289832","2025-05-05 19:41:33","test_drive",5
"V487703","2025-05-05 19:51:35","test_drive",5
"V309148","2025-05-05 19:59:47","service",4
"V515362","2025-05-05 21:48:49","test_drive",8
"V182803","2025-05-05 21:52:47","browse",6
"V407490","2025-05-05 23:05:18","browse",5
"V859004","2025-05-06 01:07:40","parts",1
"V637252","2025-05-06 02:14:56","parts",4
"V721776","2025-05-06 02:45:21","parts",4
"V218119","2025-05-06 02:50:55","service",2
"V953062","2025-05-06 02:59:43","parts",3
"V289594","2025-05-06 04:52:36","browse",2
"V883913","2025-05-06 08:03:51","test_drive",11
"V688375","2025-05-06 08:05:22","parts",1
"V309725","2025-05-06 08:37:50","browse",1
"V778760","2025-05-06 10:17:32","browse",3
"V788239","2025-05-06 11:01:20","service",2
"V854616","2025-05-06 11:08:08","browse",3
"V864494","2025-05-06 11:19:52","browse",5
"V738312","2025-05-06 11:25:04","service",3
"V700634","2025-05-06 11:34:32","test_drive",5
"V133001","2025-05-06 11:49:47","browse",5
"V896842","2025-05-06 12:24:16","browse",2
"V477451","2025-05-06 13:01:23","browse",2
"V670348","2025-05-06 13:25:16","parts",4
"V111563","2025-05-06 13:50:51","browse",4
"V348941","2025-05-06 13:53:22","service",2
"V938071","2025-05-06 14:00:42","service",4
"V406024","2025-05-06 14:17:58","browse",2
"V780870","2025-05-06 14:19:28","browse",2
"V448483","2025-05-06 14:26:10","browse",2
"V228521","2025-05-06 14:40:11","parts",3
"V856050","2025-05-06 14:41:06","test_drive",3
"V998984","2025-05-06 14:41:28","test_drive",1
"V171501","2025-05-06 14:48:23","test_drive",1
"V829872","2025-05-06 14:50:18","test_drive",3
"V176559","2025-05-06 15:00:13","browse",5
"V133632","2025-05-06 15:01:29","parts",5
"V214182","2025-05-06 15:14:59","browse",5
"V949513","2025-05-06 15:36:55","browse",2
"V677537","2025-05-06 15:43:50","test_drive",6
"V748032","2025-05-06 15:57:55","test_drive",4
"V169958","2025-05-06 15:58:22","test_drive",4
"V155881","2025-05-06 16:03:45","service",5
"V492506","2025-05-06 16:07:58","browse",4
"V933857","2025-05-06 16:25:27","browse",2
"V167072","2025-05-06 16:26:32","service",2
"V288845","2025-05-06 16:39:57","service",3
"V752983","2025-05-06 17:16:50","browse",5
"V618832","2025-05-06 17:31:13","parts",2
"V402140","2025-05-06 18:57:02","browse",4
"V670333","2025-05-06 19:38:07","browse",2
"V821410","2025-05-06 20:48:04","browse",4
"V557267","2025-05-06 22:32:06","test_drive",2
"V490638","2025-05-06 22:59:46","test_drive",4
"V520131","2025-05-07 00:21:14","browse",3
"V882148","2025-05-07 01:41:17","test_drive",4
"V512772","2025-05-07 04:00:39","service",10
"V637013","2025-05-07 08:28:13","parts",5
"V312978","2025-05-07 10:25:15","browse",4
"V144277","2025-05-07 11:32:22","browse",5
"V393873","2025-05-07 11:54:42","browse",4
"V881446","2025-05-07 12:00:47","service",7
"V683581","2025-05-07 12:18:36","parts",5
"V616533","2025-05-07 12:28:58","service",4
"V599934","2025-05-07 12:54:05","parts",2
"V716064","2025-05-07 12:56:35","browse",3
"V540877","2025-05-07 12:58:46","browse",1
"V457191","2025-05-07 13:01:38","service",7
"V822495","2025-05-07 13:04:51","test_drive",2
"V948833","2025-05-07 13:33:04","browse",5
"V573272","2025-05-07 13:40:37","test_drive",1
"V406950","2025-05-07 13:43:04","service",5
"V842641","2025-05-07 13:50:38","test_drive",1
"V944023","2025-05-07 13:56:19","browse",8
"V344446","2025-05-07 14:03:05","browse",2
"V799718","2025-05-07 14:16:35","test_drive",1
"V871869","2025-05-07 14:42:58","test_drive",8
"V942339","2025-05-07 15:21:39","test_drive",5
"V725097","2025-05-07 15:29:01","test_drive",5
"V115142","2025-05-07 15:34:00","service",3
"V716137","2025-05-07 15:49:19","service",2
"V787397","2025-05-07 15:54:44","browse",2
"V951592","2025-05-07 16:32:12","test_drive",3
"V610000","2025-05-07 16:34:37","browse",5
"V114136","2025-05-07 16:36:26","browse",4
"V423784","2025-05-07 16:38:01","test_drive",4
"V155914","2025-05-07 16:41:40","test_drive",9
"V924580","2025-05-07 16:53:59","test_drive",1
"V337076","2025-05-07 17:11:11","test_drive",4
"V129460","2025-05-07 18:43:05","test_drive",5
"V184008","2025-05-07 19:25:27","browse",2
"V616418","2025-05-07 21:42:38","browse",2
"V305602","2025-05-07 23:04:35","test_drive",4
"V924046","2025-05-08 01:35:18","browse",4
"V936335","2025-05-08 01:52:36","service",2
"V528428","2025-05-08 02:47:19","browse",3
"V320409","2025-05-08 03:07:16","service",3
"V932913","2025-05-08 03:18:15","parts",1
"V989098","2025-05-08 04:01:01","browse",2
"V385657","2025-05-08 05:42:40","browse",5
"V144116","2025-05-08 06:54:18","test_drive",2
"V863178","2025-05-08 06:58:00","browse",2
"V161990","2025-05-08 07:36:01","service",2
"V655259","2025-05-08 08:35:04","test_drive",2
"V622820","2025-05-08 09:18:40","browse",1
"V957842","2025-05-08 10:18:22","parts",3
"V436011","2025-05-08 10:44:08","parts",1
"V453760","2025-05-08 11:03:04","test_drive",7
"V822472","2025-05-08 11:12:06","browse",3
"V676232","2025-05-08 12:31:31","browse",4
"V988485","2025-05-08 12:52:20","browse",3
"V925729","2025-05-08 13:00:44","test_drive",2
"V840685","2025-05-08 13:19:28","test_drive",6
"V147032","2025-05-08 13:25:35","browse",4
"V730866","2025-05-08 13:33:54","browse",2
"V450460","2025-05-08 13:39:41","browse",4
"V864360","2025-05-08 13:40:23","test_drive",1
"V638166","2025-05-08 13:56:08","test_drive",5
"V654930","2025-05-08 14:27:15","test_drive",3
"V825171","2025-05-08 14:38:03","test_drive",2
"V887482","2025-05-08 14:50:42","test_drive",3
"V399510","2025-05-08 15:48:11","browse",4
"V351834","2025-05-08 15:54:06","browse",4
"V278670","2025-05-08 16:11:56","service",4
"V154174","2025-05-08 16:19:52","service",3
"V780007","2025-05-08 17:47:44","browse",4
"V960163","2025-05-08 17:51:21","test_drive",3
"V304162","2025-05-08 18:08:08","parts",3
"V254632","2025-05-08 18:52:21","test_drive",4
"V697870","2025-05-08 19:05:08","browse",4
"V429373","2025-05-08 19:26:00","browse",2
"V926383","2025-05-08 19:36:01","parts",5
"V494085","2025-05-08 19:41:11","test_drive",7
"V979362","2025-05-08 20:20:43","parts",3
"V323224","2025-05-08 21:26:36","test_drive",4
"V281031","2025-05-09 00:38:03","browse",5
"V213620","2025-05-09 04:54:38","browse",2
"V409986","2025-05-09 06:11:25","test_drive",5
"V678558","2025-05-09 09:15:07","browse",1
"V599061","2025-05-09 10:06:18","browse",1
"V752593","2025-05-09 10:39:10","browse",3
"V160686","2025-05-09 10:46:18","test_drive",5
"V829895","2025-05-09 10:56:48","browse",9
"V623152","2025-05-09 11:08:15","browse",2
"V201465","2025-05-09 11:36:16","browse",4
"V207829","2025-05-09 12:08:50","test_drive",2
"V103554","2025-05-09 12:20:51","browse",1
"V199189","2025-05-09 12:26:12","test_drive",2
"V790852","2025-05-09 12:35:48","browse",5
"V736428","2025-05-09 12:35:48","test_drive",3
"V673621","2025-05-09 12:50:23","test_drive",3
"V526958","2025-05-09 12:55:10","test_drive",5
"V543050","2025-05-09 13:05:58","test_drive",3
"V893966","2025-05-09 13:06:57","browse",7
"V817135","2025-05-09 13:14:34","test_drive",2
"V599019","2025-05-09 13:15:02","browse",4
"V388934","2025-05-09 13:30:03","service",3
"V200114","2025-05-09 14:02:23","browse",3
"V828636","2025-05-09 14:27:19","browse",5
"V182298","2025-05-09 14:35:20","test_drive",5
"V451252","2025-05-09 14:45:51","test_drive",2
"V882284","2025-05-09 15:14:47","test_drive",5
"V670185","2025-05-09 15:28:26","parts",2
"V646761","2025-05-09 15:46:06","service",1
"V419257","2025-05-09 15:51:15","browse",7
"V971763","2025-05-09 16:02:02","parts",2
"V980627","2025-05-09 16:03:37","browse",1
"V310193","2025-05-09 16:30:55","browse",4
"V296628","2025-05-09 16:37:51","service",4
"V386778","2025-05-09 16:46:32","test_drive",3
"V770542","2025-05-09 17:04:17","parts",3
"V939181","2025-05-09 17:20:28","browse",6
"V421915","2025-05-09 17:33:29","browse",2
"V177681","2025-05-09 17:55:55","service",7
"V650539","2025-05-09 18:26:17","browse",3
"V155501","2025-05-09 18:33:05","browse",6
"V288228","2025-05-09 18:47:25","browse",4
"V403830","2025-05-10 00:27:34","browse",3
"V817831","2025-05-10 00:47:46","browse",1
"V271820","2025-05-10 01:22:46","test_drive",1
"V943555","2025-05-10 01:36:33","browse",6
"V143965","2025-05-10 03:05:47","service",2
"V482531","2025-05-10 03:09:20","browse",3
"V885948","2025-05-10 03:41:06","browse",4
"V163974","2025-05-10 04:53:12","browse",4
"V542966","2025-05-10 05:25:28","test_drive",5
"V733431","2025-05-10 10:04:13","test_drive",6
"V116912","2025-05-10 10:14:55","test_drive",3
"V277349","2025-05-10 10:51:39","browse",1
"V417051","2025-05-10 11:02:54","service",4
"V118955","2025-05-10 11:12:22","service",2
"V237137","2025-05-10 12:44:31","service",1
"V715952","2025-05-10 12:46:04","browse",6
"V296469","2025-05-10 12:58:52","browse",2
"V225990","2025-05-10 13:01:52","parts",2
"V187711","2025-05-10 13:12:39","test_drive",5
"V449901","2025-05-10 13:59:19","test_drive",1
"V208868","2025-05-10 14:01:27","browse",1
"V326298","2025-05-10 14:28:16","browse",5
"V818679","2025-05-10 14:44:06","test_drive",3
"V735339","2025-05-10 14:45:00","browse",4
"V227746","2025-05-10 14:45:55","test_drive",1
"V100600","2025-05-10 14:52:58","browse",4
"V370229","2025-05-10 14:53:17","browse",3
"V956325","2025-05-10 15:07:31","browse",5
"V321112","2025-05-10 15:20:18","test_drive",5
"V361061","2025-05-10 15:27:48","service",5
"V188759","2025-05-10 15:29:18","test_drive",8
"V513990","2025-05-10 15:52:19","service",2
"V940731","2025-05-10 15:54:58","browse",2
"V919753","2025-05-10 16:00:58","test_drive",4
"V991447","2025-05-10 16:06:31","test_drive",3
"V502623","2025-05-10 16:55:04","test_drive",4
"V986384","2025-05-10 17:09:15","service",6
"V911489","2025-05-10 17:20:16","browse",1
"V606077","2025-05-10 17:28:53","browse",4
"V432403","2025-05-10 18:09:32","browse",3
"V383766","2025-05-10 18:14:02","browse",1
"V105975","2025-05-10 18:21:48","test_drive",4
"V549762","2025-05-10 19:33:31","service",3
"V607703","2025-05-10 19:54:02","service",5
"V205124","2025-05-10 21:02:58","browse",1
"V907842","2025-05-10 21:38:14","service",2
"V174324","2025-05-10 22:04:04","browse",4
"V418891","2025-05-10 23:40:47","browse",5
"V591636","2025-05-11 02:33:25","browse",6
"V974162","2025-05-11 03:07:13","test_drive",1
"V314587","2025-05-11 04:18:27","test_drive",4
"V337999","2025-05-11 05:25:23","test_drive",3
"V779595","2025-05-11 09:09:01","service",5
"V192224","2025-05-11 11:51:35","test_drive",4
"V878375","2025-05-11 12:04:07","test_drive",7
"V318142","2025-05-11 12:23:18","browse",4
"V718438","2025-05-11 13:00:06","browse",1
"V662767","2025-05-11 13:19:12","browse",1
"V537532","2025-05-11 13:34:09","service",1
"V236319","2025-05-11 13:54:48","service",3
"V304282","2025-05-11 13:59:06","browse",5
"V460490","2025-05-11 14:18:22","browse",5
"V393205","2025-05-11 14:20:07","parts",5
"V743918","2025-05-11 14:37:50","browse",3
"V816301","2025-05-11 14:49:29","parts",5
"V808827","2025-05-11 14:56:04","test_drive",4
"V847398","2025-05-11 14:57:41","test_drive",1
"V540768","2025-05-11 15:05:43","test_drive",3
"V963340","2025-05-11 15:15:36","browse",2
"V584908","2025-05-11 15:22:49","test_drive",2
"V411173","2025-05-11 15:33:06","browse",1
"V841362","2025-05-11 15:39:45","browse",5
"V852156","2025-05-11 15:54:27","browse",3
"V825937","2025-05-11 16:01:40","parts",1
"V314646","2025-05-11 16:09:37","service",5
"V441371","2025-05-11 16:21:45","browse",1
"V289921","2025-05-11 16:22:27","browse",1
"V168381","2025-05-11 16:26:03","browse",3
"V820730","2025-05-11 17:37:54","browse",4
"V676138","2025-05-11 17:53:30","browse",6
"V455014","2025-05-11 17:59:23","service",4
"V905410","2025-05-11 18:09:50","browse",4
"V648283","2025-05-11 22:22:52","test_drive",2
"V428616","2025-05-12 01:31:28","browse",3
"V442445","2025-05-12 02:09:53","test_drive",2
"V729957","2025-05-12 02:13:58","test_drive",5
"V869258","2025-05-12 02:21:07","test_drive",6
"V854623","2025-05-12 02:57:57","test_drive",3
"V856378","2025-05-12 03:04:44","browse",3
"V747200","2025-05-12 03:50:13","browse",4
"V728613","2025-05-12 04:26:23","test_drive",2
"V895803","2025-05-12 05:52:58","browse",4
"V457776","2025-05-12 06:51:18","test_drive",3
"V820480","2025-05-12 08:02:06","parts",1
"V558346","2025-05-12 08:25:09","browse",4
"V417551","2025-05-12 08:46:04","test_drive",6
"V727887","2025-05-12 10:32:11","test_drive",2
"V565956","2025-05-12 10:47:04","browse",2
"V880560","2025-05-12 11:03:59","test_drive",4
"V689336","2025-05-12 11:30:02","test_drive",3
"V883762","2025-05-12 12:11:38","browse",3
"V509208","2025-05-12 12:16:54","test_drive",3
"V577067","2025-05-12 12:23:35","browse",3
"V811446","2025-05-12 12:31:08","test_drive",4
"V623468","2025-05-12 12:36:27","browse",4
"V233363","2025-05-12 12:49:15","browse",2
"V262912","2025-05-12 13:02:05","test_drive",4
"V271395","2025-05-12 13:08:03","browse",3
"V802045","2025-05-12 13:13:49","service",1
"V332818","2025-05-12 13:34:14","browse",2
"V233624","2025-05-12 13:36:37","browse",1
"V541867","2025-05-12 14:08:53","test_drive",3
"V956378","2025-05-12 14:24:03","test_drive",1
"V504258","2025-05-12 14:27:10","browse",3
"V796706","2025-05-12 14:51:02","service",2
"V466588","2025-05-12 15:06:56","service",3
"V184770","2025-05-12 15:08:17","service",1
"V471348","2025-05-12 15:14:14","browse",4
"V586923","2025-05-12 15:20:56","browse",5
"V504545","2025-05-12 15:24:08","browse",1
"V953265","2025-05-12 15:29:56","parts",4
"V435698","2025-05-12 15:54:45","browse",2
"V702896","2025-05-12 15:57:16","browse",3
"V361486","2025-05-12 15:59:40","parts",1
"V774587","2025-05-12 16:35:07","test_drive",2
"V255561","2025-05-12 17:16:32","browse",6
"V417838","2025-05-12 17:21:55","browse",5
"V956028","2025-05-12 17:58:28","browse",2
"V969022","2025-05-12 18:19:40","browse",6
"V594930","2025-05-12 18:53:51","test_drive",2
"V387686","2025-05-12 19:07:36","parts",2
"V267324","2025-05-12 19:36:54","browse",2
"V865401","2025-05-12 19:45:41","test_drive",2
"V768940","2025-05-12 21:20:29","browse",4
"V831307","2025-05-12 23:15:26","browse",5
"V265158","2025-05-12 23:27:19","service",2
"V585016","2025-05-13 01:21:54","browse",4
"V364399","2025-05-13 01:48:18","browse",2
"V710821","2025-05-13 03:08:43","browse",4
"V681797","2025-05-13 06:33:34","service",5
"V208375","2025-05-13 08:01:19","parts",3
"V442938","2025-05-13 09:20:13","browse",2
"V698014","2025-05-13 10:22:37","test_drive",8
"V641217","2025-05-13 11:05:24","parts",1
"V397200","2025-05-13 11:07:30","test_drive",4
"V604340","2025-05-13 11:48:52","service",4
"V560611","2025-05-13 12:11:18","browse",4
"V583142","2025-05-13 12:32:01","service",1
"V121864","2025-05-13 12:49:34","browse",2
"V150617","2025-05-13 13:02:02","parts",5
"V340943","2025-05-13 13:03:28","browse",3
"V148881","2025-05-13 13:19:03","browse",1
"V335046","2025-05-13 13:54:07","browse",3
"V303221","2025-05-13 14:02:56","service",4
"V511266","2025-05-13 14:29:50","browse",3
"V321367","2025-05-13 14:40:24","browse",4
"V703891","2025-05-13 14:49:47","parts",1
"V778653","2025-05-13 14:57:27","test_drive",3
"V310625","2025-05-13 15:24:45","browse",5
"V309465","2025-05-13 16:00:53","test_drive",6
"V625397","2025-05-13 16:15:42","service",3
"V664407","2025-05-13 16:30:51","browse",1
"V908819","2025-05-13 16:56:06","parts",4
"V903829","2025-05-13 17:46:35","browse",1
"V378347","2025-05-13 18:18:41","service",2
"V182725","2025-05-13 19:32:13","browse",2
"V861288","2025-05-14 00:28:23","browse",3
"V244202","2025-05-14 01:20:37","parts",2
"V760020","2025-05-14 02:26:18","browse",1
"V777066","2025-05-14 07:06:59","browse",3
"V706344","2025-05-14 07:44:33","service",4
"V945658","2025-05-14 10:50:31","parts",3
"V888228","2025-05-14 11:08:06","service",2
"V668610","2025-05-14 11:12:04","test_drive",5
"V575231","2025-05-14 11:43:28","browse",9
"V523474","2025-05-14 11:51:34","test_drive",4
"V544657","2025-05-14 11:56:11","service",5
"V903736","2025-05-14 11:56:44","parts",1
"V294503","2025-05-14 11:58:11","test_drive",7
"V577516","2025-05-14 12:07:26","browse",4
"V239441","2025-05-14 12:18:03","browse",1
"V242650","2025-05-14 12:28:06","browse",2
"V252053","2025-05-14 12:32:28","browse",1
"V917246","2025-05-14 12:36:05","parts",3
"V231197","2025-05-14 12:37:08","service",9
"V687826","2025-05-14 12:47:07","browse",5
"V857918","2025-05-14 12:51:41","service",3
"V936673","2025-05-14 12:52:35","test_drive",3
"V700189","2025-05-14 13:04:19","service",5
"V241023","2025-05-14 13:09:50","service",12
"V554026","2025-05-14 13:40:16","parts",2
"V790514","2025-05-14 13:48:16","test_drive",1
"V507510","2025-05-14 14:08:38","browse",1
"V329428","2025-05-14 14:12:31","test_drive",6
"V964004","2025-05-14 14:22:50","test_drive",1
"V780076","2025-05-14 14:26:26","browse",2
"V844194","2025-05-14 14:33:20","test_drive",4
"V154047","2025-05-14 14:33:37","test_drive",1
"V486603","2025-05-14 14:34:40","parts",3
"V538412","2025-05-14 14:34:45","browse",2
"V929450","2025-05-14 14:41:15","parts",6
"V932283","2025-05-14 14:53:55","browse",3
"V968691","2025-05-14 15:17:55","browse",5
"V511581","2025-05-14 15:37:36","test_drive",2
"V406781","2025-05-14 15:44:48","parts",3
"V941433","2025-05-14 15:54:16","browse",4
"V601830","2025-05-14 15:57:27","browse",2
"V252723","2025-05-14 16:18:13","browse",4
"V789793","2025-05-14 16:42:41","test_drive",2
"V342319","2025-05-14 17:02:05","test_drive",2
"V927644","2025-05-14 17:04:42","browse",2
"V111985","2025-05-14 17:56:17","test_drive",2
"V112844","2025-05-14 18:00:31","browse",5
"V703056","2025-05-14 18:13:28","test_drive",5
"V661158","2025-05-14 18:39:10","browse",1
"V925556","2025-05-14 21:51:33","test_drive",3
"V535494","2025-05-14 23:45:24","browse",4
"V318466","2025-05-15 02:58:24","browse",5
"V662242","2025-05-15 03:30:51","browse",3
"V457166","2025-05-15 04:46:30","browse",3
"V274161","2025-05-15 04:52:46","test_drive",3
"V647427","2025-05-15 06:48:41","test_drive",4
"V140136","2025-05-15 07:07:33","test_drive",3
"V222108","2025-05-15 07:51:49","parts",2
"V323272","2025-05-15 09:36:24","test_drive",2
"V481214","2025-05-15 10:10:02","test_drive",6
"V822455","2025-05-15 10:48:30","test_drive",3
"V142757","2025-05-15 10:51:33","test_drive",3
"V710807","2025-05-15 10:55:10","parts",4
"V643183","2025-05-15 10:55:27","parts",4
"V187652","2025-05-15 11:15:00","test_drive",1
"V944072","2025-05-15 12:02:41","browse",2
"V674123","2025-05-15 12:05:30","test_drive",5
"V442253","2025-05-15 12:06:53","service",1
"V495433","2025-05-15 12:22:06","test_drive",4
"V473345","2025-05-15 12:41:59","browse",5
"V741415","2025-05-15 12:56:31","browse",4
"V879624","2025-05-15 12:57:53","browse",6
"V736097","2025-05-15 13:41:10","test_drive",2
"V259639","2025-05-15 13:54:24","test_drive",2
"V208592","2025-05-15 14:13:34","service",4
"V368434","2025-05-15 14:17:18","browse",1
"V530093","2025-05-15 14:30:33","browse",4
"V937385","2025-05-15 14:34:06","browse",2
"V763142","2025-05-15 14:40:53","browse",2
"V725000","2025-05-15 14:42:29","test_drive",4
"V616171","2025-05-15 14:49:04","test_drive",4
"V949821","2025-05-15 14:51:54","service",4
"V258054","2025-05-15 14:54:57","browse",2
"V320529","2025-05-15 15:09:30","browse",6
"V489655","2025-05-15 15:24:54","browse",6
"V191981","2025-05-15 15:43:09","browse",7
"V688948","2025-05-15 15:46:18","test_drive",3
"V986452","2025-05-15 15:46:32","browse",1
"V421113","2025-05-15 15:57:44","browse",5
"V573270","2025-05-15 16:02:12","parts",5
"V241622","2025-05-15 16:09:31","service",3
"V971059","2025-05-15 16:15:59","test_drive",2
"V118892","2025-05-15 16:29:44","test_drive",2
"V828534","2025-05-15 16:30:33","test_drive",12
"V316721","2025-05-15 16:36:04","test_drive",7
"V405616","2025-05-15 17:30:57","test_drive",2
"V112793","2025-05-15 17:41:47","parts",5
"V556659","2025-05-15 17:51:58","test_drive",3
"V595100","2025-05-15 20:00:47","test_drive",5
"V286939","2025-05-15 20:51:32","service",3
"V193037","2025-05-16 00:53:16","service",2
"V715437","2025-05-16 01:18:06","service",1
"V644089","2025-05-16 05:35:18","test_drive",1
"V162220","2025-05-16 07:21:34","test_drive",6
"V757564","2025-05-16 09:14:42","parts",7
"V529726","2025-05-16 11:49:17","browse",3
"V900627","2025-05-16 12:04:50","test_drive",1
"V213133","2025-05-16 12:18:00","test_drive",1
"V904966","2025-05-16 12:45:36","service",3
"V418222","2025-05-16 12:51:01","test_drive",1
"V756795","2025-05-16 12:51:11","service",1
"V160054","2025-05-16 13:10:16","test_drive",2
"V409133","2025-05-16 13:13:59","browse",4
"V125168","2025-05-16 13:15:42","browse",2
"V146696","2025-05-16 13:25:12","test_drive",3
"V170604","2025-05-16 13:43:55","browse",3
"V505204","2025-05-16 13:58:04","test_drive",1
"V961172","2025-05-16 14:06:13","test_drive",3
"V908953","2025-05-16 14:09:25","test_drive",3
"V606010","2025-05-16 14:17:17","test_drive",5
"V220531","2025-05-16 14:32:05","parts",2
"V100721","2025-05-16 14:45:39","test_drive",2
"V962051","2025-05-16 14:51:28","browse",1
"V426425","2025-05-16 15:07:54","browse",3
"V699321","2025-05-16 15:11:52","test_drive",4
"V586377","2025-05-16 15:36:19","test_drive",6
"V867364","2025-05-16 15:43:23","browse",2
"V912728","2025-05-16 15:50:27","browse",2
"V377171","2025-05-16 15:50:51","browse",4
"V686359","2025-05-16 16:07:26","service",6
"V650542","2025-05-16 16:09:06","parts",7
"V278066","2025-05-16 16:22:02","parts",3
"V553740","2025-05-16 16:23:46","test_drive",1
"V378891","2025-05-16 16:32:43","test_drive",2
"V652921","2025-05-16 16:47:58","browse",4
"V218757","2025-05-16 17:09:37","test_drive",2
"V913931","2025-05-16 18:00:23","browse",3
"V875172","2025-05-16 18:49:41","browse",4
"V245163","2025-05-16 19:18:18","browse",2
"V245650","2025-05-16 20:06:04","parts",4
"V147433","2025-05-16 20:46:55","browse",4
"V454672","2025-05-16 22:04:40","browse",4
"V274546","2025-05-16 22:43:49","browse",3
"V125618","2025-05-16 23:15:09","browse",4
"V235434","2025-05-17 00:17:16","browse",2
"V608180","2025-05-17 01:25:56","test_drive",3
"V659014","2025-05-17 02:25:39","browse",2
"V308902","2025-05-17 03:22:22","service",3
"V908140","2025-05-17 04:25:01","parts",3
"V411568","2025-05-17 05:54:56","browse",2
"V969333","2025-05-17 06:29:17","browse",5
"V521788","2025-05-17 09:49:42","browse",2
"V597261","2025-05-17 10:18:02","browse",3
"V350809","2025-05-17 10:22:08","browse",4
"V562473","2025-05-17 10:34:00","service",2
"V494620","2025-05-17 10:41:39","browse",3
"V390074","2025-05-17 10:42:33","test_drive",4
"V673055","2025-05-17 10:47:47","browse",10
"V311728","2025-05-17 11:14:30","service",4
"V984369","2025-05-17 11:20:52","browse",1
"V520717","2025-05-17 12:08:30","test_drive",4
"V464085","2025-05-17 12:11:55","service",2
"V224162","2025-05-17 12:15:52","browse",5
"V201832","2025-05-17 12:24:31","browse",2
"V481455","2025-05-17 13:08:05","browse",4
"V725870","2025-05-17 13:13:55","test_drive",2
"V934724","2025-05-17 13:46:33","test_drive",4
"V868835","2025-05-17 13:53:58","service",3
"V905917","2025-05-17 13:59:46","test_drive",4
"V701500","2025-05-17 14:00:13","service",3
"V317103","2025-05-17 14:16:38","service",2
"V895294","2025-05-17 14:19:45","test_drive",5
"V245718","2025-05-17 14:27:35","test_drive",7
"V649858","2025-05-17 14:35:47","browse",5
"V565355","2025-05-17 14:44:37","browse",1
"V678593","2025-05-17 15:23:03","test_drive",5
"V805383","2025-05-17 15:42:35","browse",7
"V880972","2025-05-17 15:47:39","browse",4
"V623295","2025-05-17 16:07:53","browse",2
"V945018","2025-05-17 16:14:15","service",4
"V378703","2025-05-17 16:43:30","test_drive",4
"V109728","2025-05-17 16:56:04","test_drive",3
"V380578","2025-05-17 18:06:58","browse",1
"V491288","2025-05-17 18:36:39","browse",3
"V145623","2025-05-17 18:52:57","browse",4
"V805893","2025-05-17 19:55:15","browse",2
"V222394","2025-05-17 20:38:41","test_drive",6
"V672774","2025-05-18 01:58:22","browse",3
"V408875","2025-05-18 02:42:42","service",1
"V136984","2025-05-18 03:24:01","service",3
"V839872","2025-05-18 03:50:36","browse",1
"V636979","2025-05-18 04:51:04","service",3
"V236983","2025-05-18 09:02:15","test_drive",1
"V522358","2025-05-18 09:27:52","test_drive",4
"V195390","2025-05-18 10:41:44","browse",4
"V410191","2025-05-18 11:08:10","test_drive",4
"V453194","2025-05-18 11:17:00","test_drive",2
"V774240","2025-05-18 12:01:52","browse",4
"V129243","2025-05-18 12:04:03","browse",2
"V778105","2025-05-18 12:11:31","browse",3
"V746722","2025-05-18 12:23:52","test_drive",2
"V489424","2025-05-18 12:37:18","test_drive",2
"V332768","2025-05-18 13:00:32","browse",5
"V658237","2025-05-18 13:07:01","browse",8
"V998734","2025-05-18 13:10:04","browse",2
"V160579","2025-05-18 13:16:01","browse",1
"V118030","2025-05-18 13:37:55","parts",3
"V498010","2025-05-18 13:52:34","browse",2
"V276011","2025-05-18 13:55:20","browse",6
"V359527","2025-05-18 14:12:02","parts",2
"V802588","2025-05-18 14:14:16","browse",1
"V957067","2025-05-18 14:15:21","parts",6
"V171362","2025-05-18 14:18:51","browse",1
"V782819","2025-05-18 14:35:48","browse",8
"V919918","2025-05-18 14:40:34","browse",2
"V838660","2025-05-18 14:49:44","parts",3
"V739681","2025-05-18 14:52:44","browse",2
"V284199","2025-05-18 14:55:42","service",3
"V635812","2025-05-18 14:59:20","test_drive",1
"V412109","2025-05-18 15:19:20","test_drive",3
"V230521","2025-05-18 16:04:46","test_drive",1
"V622187","2025-05-18 16:25:28","browse",3
"V111412","2025-05-18 16:27:06","browse",1
"V977619","2025-05-18 16:34:39","browse",1
"V113809","2025-05-18 16:47:36","browse",5
"V356017","2025-05-18 17:07:43","test_drive",2
"V633192","2025-05-18 17:08:44","test_drive",5
"V257236","2025-05-18 17:51:54","service",5
"V288159","2025-05-18 19:48:29","browse",2
"V283894","2025-05-18 20:59:42","parts",2
"V104802","2025-05-18 22:00:13","service",5
"V786083","2025-05-18 22:02:21","test_drive",4
"V577129","2025-05-18 22:14:21","browse",3
"V426986","2025-05-19 02:35:39","browse",5
"V400756","2025-05-19 09:15:13","browse",7
"V592240","2025-05-19 09:24:32","browse",2
"V632272","2025-05-19 09:39:14","browse",2
"V471857","2025-05-19 09:47:09","test_drive",5
"V352433","2025-05-19 10:31:59","parts",3
"V871266","2025-05-19 10:54:20","parts",3
"V187154","2025-05-19 10:58:03","service",2
"V879638","2025-05-19 11:05:46","browse",2
"V463881","2025-05-19 11:24:59","browse",3
"V350958","2025-05-19 11:57:59","test_drive",5
"V270905","2025-05-19 12:05:20","browse",6
"V748549","2025-05-19 12:06:32","parts",2
"V687301","2025-05-19 12:55:51","browse",1
"V909571","2025-05-19 13:00:47","browse",3
"V726142","2025-05-19 13:04:53","parts",4
"V993611","2025-05-19 13:17:55","browse",2
"V385327","2025-05-19 13:36:26","browse",4
"V783161","2025-05-19 13:40:56","parts",5
"V689844","2025-05-19 13:41:14","browse",5
"V245811","2025-05-19 14:16:43","browse",2
"V730739","2025-05-19 14:18:49","test_drive",6
"V209904","2025-05-19 14:19:14","service",5
"V359023","2025-05-19 14:19:15","browse",9
"V588255","2025-05-19 14:20:37","service",5
"V829384","2025-05-19 14:46:00","test_drive",5
"V145514","2025-05-19 14:47:21","test_drive",4
"V708234","2025-05-19 14:53:33","test_drive",3
"V888008","2025-05-19 15:11:53","browse",3
"V553796","2025-05-19 15:16:31","parts",2
"V982826","2025-05-19 16:05:56","parts",1
"V318578","2025-05-19 16:11:17","parts",2
"V643816","2025-05-19 16:25:04","test_drive",4
"V871840","2025-05-19 16:42:55","service",2
"V808355","2025-05-19 17:17:57","browse",1
"V288249","2025-05-19 17:22:36","test_drive",5
"V369113","2025-05-19 18:06:26","service",1
"V579409","2025-05-19 18:14:26","browse",2
"V114690","2025-05-19 18:53:45","parts",5
"V194688","2025-05-19 19:59:27","service",3
"V503215","2025-05-19 21:05:58","service",7
"V615061","2025-05-20 00:03:23","test_drive",6
"V983395","2025-05-20 01:00:26","parts",4
"V251942","2025-05-20 01:40:03","browse",3
"V743140","2025-05-20 02:03:25","browse",3
"V122943","2025-05-20 03:26:45","browse",6
"V317178","2025-05-20 03:35:12","parts",3
"V485089","2025-05-20 08:36:04","service",3
"V171165","2025-05-20 09:21:19","browse",3
"V980676","2025-05-20 09:52:40","browse",4
"V411793","2025-05-20 09:55:14","parts",3
"V223313","2025-05-20 09:59:14","browse",5
"V705947","2025-05-20 10:17:38","test_drive",2
"V934415","2025-05-20 11:06:25","test_drive",3
"V276105","2025-05-20 11:28:00","test_drive",2
"V635501","2025-05-20 11:38:13","browse",1
"V810892","2025-05-20 11:44:22","browse",3
"V760734","2025-05-20 12:10:28","browse",6
"V961070","2025-05-20 12:26:38","browse",3
"V855662","2025-05-20 12:43:01","service",4
"V891944","2025-05-20 12:58:25","parts",9
"V368253","2025-05-20 13:20:10","service",6
"V574206","2025-05-20 13:37:08","test_drive",1
"V301590","2025-05-20 13:38:56","parts",3
"V889418","2025-05-20 13:41:31","browse",9
"V581072","2025-05-20 13:49:56","test_drive",1
"V626469","2025-05-20 13:52:21","service",6
"V244397","2025-05-20 14:53:02","test_drive",3
"V326398","2025-05-20 15:06:29","test_drive",6
"V972477","2025-05-20 15:56:12","test_drive",3
"V952033","2025-05-20 15:59:52","browse",3
"V187410","2025-05-20 16:14:17","browse",2
"V513032","2025-05-20 16:46:43","browse",5
"V629724","2025-05-20 17:01:26","test_drive",6
"V233145","2025-05-20 17:13:41","browse",1
"V419268","2025-05-20 17:30:23","service",1
"V544684","2025-05-20 17:48:04","service",1
"V711376","2025-05-20 18:15:17","browse",1
"V231427","2025-05-20 18:31:17","service",3
"V535432","2025-05-20 19:50:34","browse",4
"V641050","2025-05-20 20:30:12","service",3
"V117982","2025-05-20 23:32:18","browse",1
"V476150","2025-05-21 00:00:15","browse",3
"V450000","2025-05-21 01:23:30","service",3
"V906288","2025-05-21 02:33:32","browse",2
"V229898","2025-05-21 09:31:01","browse",2
"V556195","2025-05-21 09:35:22","browse",1
"V871943","2025-05-21 11:37:17","browse",4
"V708529","2025-05-21 12:02:08","browse",3
"V820533","2025-05-21 12:02:41","browse",2
"V385823","2025-05-21 12:04:26","parts",5
"V399641","2025-05-21 12:04:40","test_drive",3
"V639899","2025-05-21 12:08:52","browse",4
"V895524","2025-05-21 12:19:56","test_drive",4
"V287514","2025-05-21 12:29:02","browse",3
"V407886","2025-05-21 12:29:29","parts",1
"V533145","2025-05-21 12:32:16","test_drive",2
"V391565","2025-05-21 12:33:18","parts",1
"V269618","2025-05-21 12:45:48","parts",2
"V504476","2025-05-21 13:03:16","test_drive",4
"V139520","2025-05-21 13:05:14","test_drive",2
"V593646","2025-05-21 13:05:25","browse",5
"V184594","2025-05-21 13:42:51","browse",7
"V488362","2025-05-21 13:50:04","test_drive",4
"V301485","2025-05-21 14:04:28","browse",5
"V721591","2025-05-21 14:26:55","browse",6
"V474944","2025-05-21 14:28:44","browse",1
"V767466","2025-05-21 14:47:56","browse",3
"V824491","2025-05-21 14:49:46","browse",3
"V816396","2025-05-21 14:52:45","service",4
"V826176","2025-05-21 15:00:42","parts",6
"V133369","2025-05-21 15:12:54","test_drive",4
"V279536","2025-05-21 15:13:04","browse",3
"V741161","2025-05-21 15:21:09","browse",7
"V224066","2025-05-21 15:50:08","browse",3
"V997599","2025-05-21 15:58:23","browse",2
"V143695","2025-05-21 17:11:47","browse",1
"V577487","2025-05-21 17:22:14","test_drive",1
"V834896","2025-05-21 17:28:18","browse",4
"V923570","2025-05-21 17:54:00","test_drive",3
"V965215","2025-05-21 18:20:13","test_drive",3
"V495759","2025-05-21 18:39:52","parts",4
"V877390","2025-05-21 19:06:15","test_drive",8
"V426603","2025-05-21 19:12:16","test_drive",7
"V895123","2025-05-21 23:42:55","browse",4
"V713785","2025-05-22 00:02:13","browse",6
"V754430","2025-05-22 03:46:54","browse",2
"V339696","2025-05-22 04:04:54","browse",4
"V442451","2025-05-22 06:53:53","test_drive",4
"V946783","2025-05-22 06:58:47","browse",2
"V924193","2025-05-22 09:27:07","test_drive",2
"V444221","2025-05-22 09:27:28","test_drive",3
"V877700","2025-05-22 09:39:19","test_drive",4
"V410991","2025-05-22 09:51:38","browse",9
"V989397","2025-05-22 10:36:08","test_drive",3
"V644374","2025-05-22 11:13:51","browse",2
"V434374","2025-05-22 11:14:28","browse",6
"V738033","2025-05-22 11:15:15","browse",2
"V847192","2025-05-22 11:32:49","parts",3
"V300568","2025-05-22 12:03:58","browse",2
"V808110","2025-05-22 12:06:46","browse",5
"V207430","2025-05-22 12:16:48","browse",2
"V764949","2025-05-22 12:44:36","browse",2
"V712722","2025-05-22 13:07:39","parts",3
"V812236","2025-05-22 13:09:02","service",6
"V440627","2025-05-22 13:22:19","browse",1
"V311058","2025-05-22 13:29:01","test_drive",4
"V812266","2025-05-22 13:52:02","browse",2
"V632959","2025-05-22 14:01:53","test_drive",2
"V909801","2025-05-22 14:05:26","browse",3
"V191675","2025-05-22 14:12:42","test_drive",2
"V968490","2025-05-22 14:18:31","service",1
"V528386","2025-05-22 14:22:23","test_drive",3
"V347292","2025-05-22 14:29:25","browse",2
"V186211","2025-05-22 14:54:34","browse",2
"V573760","2025-05-22 14:58:20","test_drive",1
"V540100","2025-05-22 15:01:41","browse",3
"V924472","2025-05-22 15:16:30","browse",2
"V994533","2025-05-22 15:27:04","browse",2
"V436004","2025-05-22 15:41:46","browse",2
"V355056","2025-05-22 15:52:14","browse",6
"V310873","2025-05-22 16:07:26","browse",6
"V281605","2025-05-22 16:10:10","browse",5
"V112143","2025-05-22 16:10:46","browse",2
"V576568","2025-05-22 16:15:51","browse",1
"V839562","2025-05-22 16:19:15","browse",1
"V176225","2025-05-22 16:30:54","test_drive",2
"V138327","2025-05-22 16:38:40","test_drive",2
"V255587","2025-05-22 16:56:05","browse",4
"V131708","2025-05-22 17:01:58","test_drive",3
"V336666","2025-05-22 17:58:04","test_drive",2
"V297307","2025-05-22 18:17:07","browse",2
"V751748","2025-05-22 18:52:46","browse",4
"V295775","2025-05-22 19:12:42","test_drive",1
"V740388","2025-05-22 19:54:03","test_drive",3
"V833356","2025-05-22 22:47:24","test_drive",3
"V244053","2025-05-23 00:18:07","browse",4
"V855356","2025-05-23 00:55:24","browse",7
"V845926","2025-05-23 01:19:48","service",2
"V191661","2025-05-23 04:09:49","browse",2
"V377699","2025-05-23 05:24:37","test_drive",3
"V279346","2025-05-23 05:43:50","browse",2
"V918534","2025-05-23 07:54:17","parts",4
"V442306","2025-05-23 08:17:00","test_drive",2
"V201362","2025-05-23 09:21:36","service",4
"V193901","2025-05-23 10:00:01","browse",2
"V863329","2025-05-23 10:38:27","test_drive",2
"V455166","2025-05-23 11:14:34","browse",3
"V265934","2025-05-23 11:43:38","browse",4
"V935326","2025-05-23 11:58:51","test_drive",3
"V907605","2025-05-23 12:10:20","service",3
"V252865","2025-05-23 12:11:40","test_drive",7
"V943538","2025-05-23 12:12:07","browse",4
"V199463","2025-05-23 12:17:27","parts",1
"V745031","2025-05-23 12:32:04","browse",2
"V545503","2025-05-23 12:36:47","service",3
"V242603","2025-05-23 13:03:58","test_drive",3
"V224737","2025-05-23 13:10:02","browse",3
"V396658","2025-05-23 13:23:31","browse",3
"V600668","2025-05-23 13:35:34","test_drive",3
"V121799","2025-05-23 13:37:35","browse",5
"V110437","2025-05-23 13:41:17","service",4
"V560185","2025-05-23 13:45:51","browse",3
"V132735","2025-05-23 13:55:33","browse",2
"V252140","2025-05-23 13:57:59","parts",5
"V654014","2025-05-23 14:52:27","browse",3
"V835324","2025-05-23 15:03:06","service",4
"V260993","2025-05-23 15:04:23","browse",5
"V346450","2025-05-23 15:13:22","test_drive",1
"V939798","2025-05-23 15:22:22","service",4
"V996710","2025-05-23 15:34:49","test_drive",3
"V776127","2025-05-23 16:16:10","test_drive",2
"V137701","2025-05-23 16:18:15","test_drive",3
"V294302","2025-05-23 16:19:38","browse",2
"V704734","2025-05-23 16:25:29","service",5
"V764888","2025-05-23 16:27:57","service",2
"V952978","2025-05-23 16:29:00","test_drive",6
"V115480","2025-05-23 16:37:10","browse",3
"V148724","2025-05-23 16:43:42","browse",4
"V205647","2025-05-23 16:49:30","browse",1
"V573319","2025-05-23 17:17:44","service",1
"V376957","2025-05-23 17:20:26","browse",4
"V795808","2025-05-23 17:35:09","parts",5
"V291556","2025-05-23 17:41:50","service",2
"V265647","2025-05-23 17:43:44","test_drive",5
"V898579","2025-05-23 17:54:57","parts",3
"V325789","2025-05-23 18:38:26","browse",2
"V582358","2025-05-23 19:00:02","test_drive",3
"V561855","2025-05-23 22:22:37","parts",5
"V744956","2025-05-24 00:04:34","browse",2
"V331325","2025-05-24 00:31:19","service",3
"V538130","2025-05-24 00:41:48","test_drive",1
"V463555","2025-05-24 02:13:20","browse",6
"V408849","2025-05-24 09:35:28","test_drive",3
"V899446","2025-05-24 09:49:57","browse",1
"V636310","2025-05-24 10:22:52","service",4
"V504032","2025-05-24 10:37:25","browse",4
"V237388","2025-05-24 10:56:24","test_drive",3
"V445036","2025-05-24 11:18:09","browse",6
"V492387","2025-05-24 11:25:05","parts",3
"V820053","2025-05-24 12:24:24","test_drive",4
"V380459","2025-05-24 12:24:45","browse",3
"V918334","2025-05-24 12:31:20","service",5
"V944671","2025-05-24 12:37:10","parts",3
"V841701","2025-05-24 12:54:44","browse",3
"V481363","2025-05-24 13:01:58","test_drive",1
"V855367","2025-05-24 13:49:23","parts",1
"V174177","2025-05-24 14:14:26","browse",5
"V120785","2025-05-24 14:15:21","test_drive",1
"V115878","2025-05-24 14:22:02","parts",2
"V217064","2025-05-24 14:30:53","browse",3
"V813170","2025-05-24 14:33:34","browse",1
"V957721","2025-05-24 14:35:46","service",2
"V648008","2025-05-24 14:37:55","test_drive",3
"V924195","2025-05-24 14:48:44","test_drive",5
"V457387","2025-05-24 14:53:56","browse",3
"V400375","2025-05-24 14:59:43","service",2
"V739512","2025-05-24 15:21:15","browse",3
"V952073","2025-05-24 15:26:00","service",4
"V977933","2025-05-24 15:43:40","parts",1
"V984676","2025-05-24 15:55:47","browse",5
"V764941","2025-05-24 16:29:05","test_drive",5
"V357044","2025-05-24 16:32:15","test_drive",4
"V380041","2025-05-24 16:40:44","browse",4
"V890619","2025-05-24 16:53:36","browse",1
"V963337","2025-05-24 17:03:04","test_drive",4
"V929558","2025-05-24 17:04:48","test_drive",2
"V724920","2025-05-24 17:06:27","browse",5
"V835844","2025-05-24 17:10:29","service",2
"V572850","2025-05-24 17:49:04","browse",3
"V867829","2025-05-24 17:52:06","browse",7
"V203259","2025-05-24 17:57:13","browse",1
"V884301","2025-05-24 18:22:10","test_drive",1
"V784357","2025-05-24 18:35:25","test_drive",2
"V509506","2025-05-24 18:59:24","test_drive",7
"V931670","2025-05-24 21:13:57","service",4
"V241670","2025-05-24 22:44:21","browse",2
"V484207","2025-05-24 23:52:14","test_drive",4
"V204950","2025-05-25 00:55:57","browse",4
"V726380","2025-05-25 03:02:01","service",2
"V192991","2025-05-25 03:51:05","browse",4
"V736226","2025-05-25 04:21:47","browse",3
"V871933","2025-05-25 04:45:26","test_drive",3
"V948865","2025-05-25 05:33:53","browse",3
"V641392","2025-05-25 06:46:43","test_drive",4
"V930710","2025-05-25 07:31:09","browse",3
"V478817","2025-05-25 08:42:41","browse",3
"V366134","2025-05-25 09:53:29","browse",5
"V647720","2025-05-25 10:07:54","browse",1
"V994221","2025-05-25 10:36:12","browse",1
"V590505","2025-05-25 11:13:09","test_drive",6
"V946811","2025-05-25 12:23:14","parts",1
"V382408","2025-05-25 12:31:21","browse",3
"V272529","2025-05-25 12:53:31","test_drive",4
"V709815","2025-05-25 13:01:22","service",5
"V643186","2025-05-25 13:05:06","browse",5
"V402320","2025-05-25 13:14:13","browse",4
"V700019","2025-05-25 13:28:31","browse",4
"V239942","2025-05-25 13:37:00","parts",2
"V204097","2025-05-25 14:07:02","browse",2
"V902904","2025-05-25 14:10:19","browse",4
"V988655","2025-05-25 14:21:49","browse",1
"V273541","2025-05-25 14:31:14","browse",3
"V831409","2025-05-25 14:51:28","browse",7
"V323696","2025-05-25 14:55:10","browse",8
"V174079","2025-05-25 15:02:26","browse",2
"V703432","2025-05-25 15:06:39","service",9
"V518633","2025-05-25 15:20:13","service",2
"V466349","2025-05-25 15:32:35","test_drive",7
"V942054","2025-05-25 16:00:29","parts",2
"V601164","2025-05-25 16:11:03","browse",3
"V745876","2025-05-25 16:16:20","test_drive",4
"V203767","2025-05-25 16:31:46","service",4
"V690543","2025-05-25 16:49:59","browse",3
"V230186","2025-05-25 17:40:58","browse",7
"V361328","2025-05-25 17:42:18","parts",1
"V688265","2025-05-25 17:49:51","browse",3
"V630566","2025-05-25 18:01:15","service",7
"V575585","2025-05-25 20:01:25","browse",2
"V187509","2025-05-25 20:27:57","test_drive",1
"V553374","2025-05-25 20:53:38","browse",2
"V666925","2025-05-25 22:09:45","test_drive",1
"V139983","2025-05-25 22:34:59","test_drive",2
